boot,uptime_ms,point,mode,state,free_heap_bytes,minimum_free_heap_bytes,largest_free_block_8bit_bytes,stack_hwm_bytes,internal_8bit_free_bytes,internal_8bit_minimum_free_bytes,internal_8bit_largest_free_block_bytes,dma_free_bytes,dma_minimum_free_bytes,dma_largest_free_block_bytes,lvgl_total_bytes,lvgl_free_bytes,lvgl_largest_free_bytes,lvgl_max_used_bytes,lvgl_used_pct,lvgl_frag_pct,lvgl_note
1,1165,after_platform_begin,UNSELECTED,Stopped,170996,170996,110592,19680,170996,170996,110592,170996,170996,110592,,,,,,,pool=unavailable
1,1705,after_application_begin,HOME_WIFI,ConnectingHome,80488,76488,73728,12944,80488,76488,73728,80488,76488,73728,,,,,,,pool=unavailable
1,2235,after_ui_init,HOME_WIFI,ConnectingHome,37176,31432,31744,12944,37176,31432,31744,37176,31432,31744,46724,33596,33228,13940,29,2,
1,3245,stable_home_wifi,HOME_WIFI,HomeConnected,35084,31432,31744,12944,35104,31432,31744,35104,31432,31744,46724,33632,33264,13940,29,2,
1,32305,periodic_30s,HOME_WIFI,HomeConnected,35320,31432,31744,12944,35320,31432,31744,35320,31432,31744,46724,33632,33264,13940,29,2,
1,122305,idle_120s,HOME_WIFI,HomeConnected,35360,29704,31744,12944,35360,29704,31744,35360,29704,31744,46724,33632,33264,13940,29,2,
1,2182535,network_page_press_before,HOME_WIFI,HomeConnected,36132,24176,31744,12944,36132,24176,31744,36132,24176,31744,47000,36540,33864,14060,23,8,
1,2182895,network_page_press_after,HOME_WIFI,SetupAccessPoint,30712,24176,29696,12944,30692,24176,29696,30852,24176,29696,47000,36540,33864,14060,23,8,
1,2183205,stable_home_wifi_setup_access_point,HOME_WIFI,SetupAccessPoint,30348,24176,27648,12944,30292,24176,28672,30292,24176,28672,46892,32004,30372,15848,32,6,
1,2281515,network_page_press_before,HOME_WIFI,SetupAccessPoint,30732,24176,29696,12944,30732,24176,29696,30732,24176,29696,46912,32176,31356,15848,32,3,
1,2281715,network_page_press_after,AP_ONLY,AccessPointOnly,32532,22872,25600,6256,32572,22872,25600,32572,22872,25600,46912,32176,31356,15848,32,3,
1,2281925,stable_ap_only,AP_ONLY,AccessPointOnly,32420,22872,25600,6256,32420,22872,25600,32420,22872,25600,,,,,,,pool=unavailable
1,2402055,idle_120s,AP_ONLY,AccessPointOnly,32628,22872,25600,6256,32628,22872,25600,32628,22872,25600,46912,32176,31240,15852,32,3,
1,4608695,network_page_press_before,AP_ONLY,AccessPointOnly,28600,22832,24576,6256,28600,22832,24576,28600,22832,24576,46912,32176,31240,15852,32,3,
1,4608925,network_page_press_after,HOME_WIFI,ConnectingHome,36004,20612,21504,6256,36004,20612,21504,36004,20612,21504,46912,32176,31240,15852,32,3,
1,4611525,stable_home_wifi,HOME_WIFI,HomeConnected,35756,20612,21504,6256,35756,20612,21504,35756,20612,21504,47000,36552,36356,15852,23,1,
1,4729195,idle_120s,HOME_WIFI,HomeConnected,35452,20612,21504,6256,35452,20612,21504,35452,20612,21504,47000,36552,36356,15852,23,1,
