boot,uptime_ms,point,mode,state,free_heap_bytes,minimum_free_heap_bytes,largest_free_block_8bit_bytes,stack_hwm_bytes,internal_8bit_free_bytes,internal_8bit_minimum_free_bytes,internal_8bit_largest_free_block_bytes,dma_free_bytes,dma_minimum_free_bytes,dma_largest_free_block_bytes,lvgl_total_bytes,lvgl_free_bytes,lvgl_largest_free_bytes,lvgl_max_used_bytes,lvgl_used_pct,lvgl_frag_pct,lvgl
1,1175,after_platform_begin,UNSELECTED,Stopped,154744,154744,110592,19680,154744,154744,110592,154744,154744,110592,,,,,,,
1,1715,after_application_begin,HOME_WIFI,ConnectingHome,64076,60076,59392,12944,64076,60076,59392,64076,60076,59392,,,,,,,
1,2235,after_ui_init,HOME_WIFI,ConnectingHome,15672,10156,12800,12944,15672,10156,12800,15672,10156,12800,63108,49980,49612,13940,21,1,
1,4225,stable_home_wifi,HOME_WIFI,HomeConnected,13824,10156,12800,12944,13824,10156,12800,13824,10156,12800,,,,,,,unavailable
1,32325,periodic_30s,HOME_WIFI,HomeConnected,13784,8080,12800,12944,13784,8080,12800,13784,8080,12800,63108,50016,49648,13940,21,1,
1,38005,network_page_press_before,HOME_WIFI,HomeConnected,14744,8080,12800,12944,14744,8080,12800,14744,8080,12800,63384,52924,50248,13940,17,6,
1,38515,network_page_press_after,AP_ONLY,AccessPointOnly,11060,6740,7936,6256,10972,6740,7936,10972,6740,7936,63384,52924,50248,13940,17,6,
1,38825,stable_ap_only,AP_ONLY,AccessPointOnly,10696,6740,7936,6256,10696,6740,7936,10696,6740,7936,63276,48388,46756,15848,24,4,
1,108485,network_page_press_before,AP_ONLY,AccessPointOnly,10888,6740,7936,6256,10888,6740,7936,10888,6740,7936,63296,48568,48156,15848,24,1,
1,108695,network_page_press_after,HOME_WIFI,ConnectingHome,15356,2956,4608,6256,15284,2956,4608,15284,2956,4608,63296,48568,48156,15848,24,1,
1,111135,stable_home_wifi,HOME_WIFI,HomeConnected,14296,2956,4608,6256,14296,2956,4608,14296,2956,4608,,,,,,,unavailable
1,184535,network_page_press_before,HOME_WIFI,HomeConnected,14504,2956,4608,6256,14504,2956,4608,14504,2956,4608,63384,52908,52712,15848,17,1,
1,184755,network_page_press_after,AP_ONLY,AccessPointOnly,10796,2956,4864,6048,10692,2956,4864,10844,2956,4864,63384,52908,52712,15848,17,1,
1,185185,stable_ap_only,AP_ONLY,AccessPointOnly,10428,2956,4864,6048,10428,2956,4864,10428,2956,4864,63276,48376,47560,15860,24,2,
1,305235,idle_120s,AP_ONLY,AccessPointOnly,7300,2956,4864,6048,7300,2956,4864,7300,2956,4864,63296,48552,47560,15860,24,3,
1,330235,network_page_press_before,AP_ONLY,AccessPointOnly,7300,2956,4864,6048,7300,2956,4864,7300,2956,4864,63296,48552,47560,15860,24,3,
2,1175,after_platform_begin,UNSELECTED,Stopped,154612,154612,110592,19680,154612,154612,110592,154612,154612,110592,,,,,,,
2,1705,after_application_begin,HOME_WIFI,ConnectingHome,63564,59592,59392,12944,63920,59592,59392,63920,59592,59392,,,,,,,
2,2165,after_ui_init,HOME_WIFI,ConnectingHome,15532,10524,12800,12944,15532,10524,12800,15532,10524,12800,,,,,,,unavailable
2,4235,stable_home_wifi,HOME_WIFI,HomeConnected,13588,9828,12800,12944,13588,9828,12800,13588,9828,12800,,,,,,,unavailable
2,32315,periodic_30s,HOME_WIFI,HomeConnected,13596,9556,12800,12944,13596,9556,12800,13596,9556,12800,63108,50016,49648,13940,21,1,
2,122315,idle_120s,HOME_WIFI,HomeConnected,13636,7956,12800,12944,13636,7956,12800,13636,7956,12800,63108,50016,49648,13940,21,1,
2,162875,network_page_press_before,HOME_WIFI,HomeConnected,14572,7956,12800,12944,14572,7956,12800,14572,7956,12800,63384,52924,50248,13940,17,6,
2,163375,network_page_press_after,AP_ONLY,AccessPointOnly,10660,6696,8192,6256,10536,6696,8192,10536,6696,8192,63384,52924,50248,13940,17,6,
2,163685,stable_ap_only,AP_ONLY,AccessPointOnly,10736,6696,8192,6256,10736,6696,8192,10736,6696,8192,63276,48388,46756,15848,24,4,
2,225675,network_page_press_before,AP_ONLY,AccessPointOnly,7756,2576,6400,6256,7756,2576,6400,7756,2576,6400,63296,48568,48156,15848,24,1,
3,1175,after_platform_begin,UNSELECTED,Stopped,154612,154612,110592,19680,154612,154612,110592,154612,154612,110592,,,,,,,
3,1435,after_application_begin,HOME_WIFI,ConnectingHome,64004,60004,59392,12944,64004,60004,59392,64004,60004,59392,,,,,,,
3,2235,after_ui_init,HOME_WIFI,ConnectingHome,15488,9984,9728,12944,15488,9984,9728,15488,9984,9728,63108,49980,49612,13940,21,1,
3,4295,stable_home_wifi,HOME_WIFI,HomeConnected,13624,9984,9728,12944,13624,9984,9728,13624,9984,9728,,,,,,,unavailable
3,32305,periodic_30s,HOME_WIFI,HomeConnected,13644,8272,9728,12944,13644,8272,9728,13644,8272,9728,63108,50016,49648,13940,21,1,
3,122305,idle_120s,HOME_WIFI,HomeConnected,13672,6140,9728,12944,13672,6140,9728,13672,6140,9728,63108,50016,49648,13940,21,1,
3,162245,network_page_press_before,HOME_WIFI,HomeConnected,14620,6140,9728,12944,14620,6140,9728,14620,6140,9728,63384,52924,50248,13940,17,6,
3,162745,network_page_press_after,AP_ONLY,AccessPointOnly,10860,6140,8192,5936,10840,6140,8192,10944,6140,8192,63384,52924,50248,13940,17,6,
3,163155,stable_ap_only,AP_ONLY,AccessPointOnly,10340,6140,8192,5936,10340,6140,8192,10340,6140,8192,63276,48388,46756,15848,24,4,
3,239735,network_page_press_before,AP_ONLY,AccessPointOnly,10752,6140,8192,5936,10752,6140,8192,10752,6140,8192,63296,48560,47740,15848,24,2,
3,239935,network_page_press_after,HOME_WIFI,ConnectingHome,15168,2872,4608,5936,15000,2872,4608,15140,2872,4608,63296,48560,47740,15848,24,2,
3,242505,stable_home_wifi,HOME_WIFI,HomeConnected,14184,2872,4608,5936,14184,2872,4608,14184,2872,4608,63384,52936,52740,15848,17,1,
